Rank,Menu,Cafe,URL,Price,Address,cafenum
1,BLT,Old Oak Tap,https://www.chicagomag.com/Chicago-Magazine/November-2012/Best-Sandwiches-in-Chicago-Old-Oak-Tap-BLT/,10.0, 2109 W. Chicago Ave, 773-772-040
2,Fried Bologna,Au Cheval,https://www.chicagomag.com/Chicago-Magazine/November-2012/Best-Sandwiches-in-Chicago-Au-Cheval-Fried-Bologna/,9.0, 800 W. Randolph St, 312-929-458
3,Woodland Mushroom,Xoco,https://www.chicagomag.com/Chicago-Magazine/November-2012/Best-Sandwiches-in-Chicago-Xoco-Woodland-Mushroom/,9.5, 445 N. Clark St, 312-334-368
4,Roast Beef,Al’s Deli,https://www.chicagomag.com/Chicago-Magazine/November-2012/Best-Sandwiches-in-Chicago-Als-Deli-Roast-Beef/,9.4, 914 Noyes St Evansto,X
5,PB&L,Publican Quality Meats,https://www.chicagomag.com/Chicago-Magazine/November-2012/Best-Sandwiches-in-Chicago-Publican-Quality-Meats-PB-L/,10.0, 825 W. Fulton Mkt, 312-445-897
6,Belgian Chicken Curry Salad,Hendrickx Belgian Bread Crafter,https://www.chicagomag.com/Chicago-Magazine/November-2012/Best-Sandwiches-in-Chicago-Hendrickx-Belgian-Bread-Crafter-Belgian-Chicken-Curry-Salad/,7.25, 100 E. Walton St, 312-649-6717
7,Lobster Roll,Acadia,https://www.chicagomag.com/Chicago-Magazine/November-2012/Best-Sandwiches-in-Chicago-Acadia-Lobster-Roll/,16.0, 1639 S. Wabash Ave, 312-360-950
8,Smoked Salmon Salad,Birchwood Kitchen,https://www.chicagomag.com/Chicago-Magazine/November-2012/Best-Sandwiches-in-Chicago-Birchwood-Kitchen-Smoked-Salmon-Salad/,10.0, 2211 W. North Ave, 773-276-210
9,Atomica Cemitas,Cemitas Puebla,https://www.chicagomag.com/Chicago-Magazine/November-2012/Best-Sandwiches-in-Chicago-Cemitas-Puebla-Atomica-Cemitas/,9.0, 3619 W. North Ave, 773-772-843
10,Grilled Laughing Bird Shrimp and Fried Po’ Boy,Nana,https://www.chicagomag.com/Chicago-Magazine/November-2012/Best-Sandwiches-in-Chicago-Nana-Grilled-Laughing-Bird-Shrimp-and-Fried-Oyster-Po-Boy/,17.0, 3267 S. Halsted St, 312-929-248
11,Ham and Raclette Panino,Lula Cafe,https://www.chicagomag.com/Chicago-Magazine/November-2012/Best-Sandwiches-in-Chicago-Lula-Cafe-Ham-and-Raclette-Panino/,11.0, 2537 N. Kedzie Blvd, 773-489-955
12,Breaded Steak,Ricobene’s,https://www.chicagomag.com/Chicago-Magazine/November-2012/Best-Sandwiches-in-Chicago-Ricobenes-Breaded-Steak/,5.49, Multiple location,X
13,The Hawkeye,Frog n Snail,https://www.chicagomag.com/Chicago-Magazine/November-2012/Best-Sandwiches-in-Chicago-Frog-n-Snail-The-Hawkeye/,14.0, 3124 N. Broadwa, 773-661-916
14,Chicken Dip,Crosby’s Kitchen,https://www.chicagomag.com/Chicago-Magazine/November-2012/Best-Sandwiches-in-Chicago-Crosbys-Kitchen-Chicken-Dip/,10.0, 3455 N. Southport Ave, 773-883-252
15,Wild Boar Sloppy Joe,Longman & Eagle,https://www.chicagomag.com/Chicago-Magazine/November-2012/Best-Sandwiches-in-Chicago-Longman-and-Eagle-Wild-Boar-Sloppy-Joe/,13.0, 2657 N. Kedzie Ave, 773-276-711
16,Meatball Sub,Bari,https://www.chicagomag.com/Chicago-Magazine/November-2012/Best-Sandwiches-in-Chicago-Bari-Meatball-Sub/,4.5, 1120 W. Grand Ave, 312-666-073
17,Corned Beef,Manny’s,https://www.chicagomag.com/Chicago-Magazine/November-2012/Best-Sandwiches-in-Chicago-Mannys-Corned-Beef/,11.95, 1141 S. Jefferson St, 312-939-285
18,Turkey Club,Eggy’s,https://www.chicagomag.com/Chicago-Magazine/November-2012/Best-Sandwiches-in-Chicago-Eggys-Turkey-Club/,11.5, 333 E. Benton Pl, 773-234-344
19,Falafel,Old Jerusalem,https://www.chicagomag.com/Chicago-Magazine/November-2012/Best-Sandwiches-in-Chicago-Old-Jerusalem-Falafel/,6.25, 1411 N. Wells St, 312-944-045
20,Crab Cake,Mindy’s HotChocolate,https://www.chicagomag.com/Chicago-Magazine/November-2012/Best-Sandwiches-in-Chicago-Mindys-HotChocolate-Crab-Cake/,15.0, 1747 N. Damen Ave, 773-489-174
21,Chicken Schnitzel,Olga’s Delicatessen,https://www.chicagomag.com/Chicago-Magazine/November-2012/Best-Sandwiches-in-Chicago-Olgas-Delicatessen-Chicken-Schnitzel/,5.0, 3209 W. Irving Park Rd, 773-539-8038
22,Shawarma,Dawali Mediterranean Kitchen,https://www.chicagomag.com/Chicago-Magazine/November-2012/Best-Sandwiches-in-Chicago-Dawali-Mediterranean-Kitchen-Shawarma/,6.0, Multiple location,X
23,Toasted Pimiento Cheese,Big Jones,https://www.chicagomag.com/Chicago-Magazine/November-2012/Best-Sandwiches-in-Chicago-Big-Jones-Toasted-Pimiento-Cheese/,8.0, 5347 N. Clark St, 773-275-572
24,Vegetarian Panino,La Pane,https://www.chicagomag.com/Chicago-Magazine/November-2012/Best-Sandwiches-in-Chicago-La-Pane-Vegetarian-Panino/,5.99, 2954 W. Irving Park Rd, 773-539-532
25,Cali Chèvre,Pastoral,https://www.chicagomag.com/Chicago-Magazine/November-2012/Best-Sandwiches-in-Chicago-Pastoral-Cali-Chevre/,7.52, Multiple location,X
26,Pastrami,Max’s Deli,https://www.chicagomag.com/Chicago-Magazine/November-2012/Best-Sandwiches-in-Chicago-Maxs-Deli-Pastrami/,11.95, 191 Skokie Valley Rd Highland Par,X
27,The Fredo,Lucky’s Sandwich Co.,https://www.chicagomag.com/Chicago-Magazine/November-2012/Best-Sandwiches-in-Chicago-Luckys-Sandwich-Co-The-Fredo/,7.5, Multiple location,X
28,Smoked Ham,City Provisions,https://www.chicagomag.com/Chicago-Magazine/November-2012/Best-Sandwiches-in-Chicago-City-Provisions-Smoked-Ham/,12.95, 1818 W. Wilson Ave, 773-293-248
29,Jibarito,Papa’s Cache Sabroso,https://www.chicagomag.com/Chicago-Magazine/November-2012/Best-Sandwiches-in-Chicago-Papas-Cache-Sabroso-Jibarito/,7.0, 2517 W. Division St, 773-862-831
30,Shaved Prime Rib,Bavette’s Bar & Boeuf,https://www.chicagomag.com/Chicago-Magazine/November-2012/Best-Sandwiches-in-Chicago-Bavettes-Bar-and-Boeuf-Shaved-Prime-Rib/,21.0, 218 W. Kinzie St, 312-624-8154
31,Serrano Ham and Manchego Cheese,Hannah’s Bretzel,https://www.chicagomag.com/Chicago-Magazine/November-2012/Best-Sandwiches-in-Chicago-Hannahs-Bretzel-Serrano-Ham-and-Manchego-Cheese/,9.79, Multiple location,X
32,Tuna Salad,La Fournette,https://www.chicagomag.com/Chicago-Magazine/November-2012/Best-Sandwiches-in-Chicago-La-Fournette-Tuna-Salad/,9.75, 1547 N. Wells St, 312-624-943
33,Paramount Reuben,Paramount Room,https://www.chicagomag.com/Chicago-Magazine/November-2012/Best-Sandwiches-in-Chicago-Paramount-Room-Paramount-Reuben/,13.0, 415 N. Milwaukee Ave, 312-829-630
34,The Istanbul,Melt Sandwich Shoppe,https://www.chicagomag.com/Chicago-Magazine/November-2012/Best-Sandwiches-in-Chicago-Melt-Sandwich-Shoppe-The-Istanbul/,7.95, 1840 N. Damen Ave, 773-681-991
35,B.A.D.,Floriole Cafe & Bakery,https://www.chicagomag.com/Chicago-Magazine/November-2012/Best-Sandwiches-in-Chicago-Floriole-Cafe-and-Bakery-BAD/,9.0, 1220 W. Webster Ave, 773-883-131
36,Duck Confit and Mozzarella,First Slice Pie Café,https://www.chicagomag.com/Chicago-Magazine/November-2012/Best-Sandwiches-in-Chicago-First-Slice-Pie-Cafe-Duck-Confit-and-Mozzarella/,9.0, 5357 N. Ashland Ave, 773-275-429
37,Croque Monsieur,Troquet,https://www.chicagomag.com/Chicago-Magazine/November-2012/Best-Sandwiches-in-Chicago-Troquet-Croque-Monsieur/,8.0, 1834 W. Montrose Ave, 773-334-566
38,Green Garbanzo,Grahamwich,https://www.chicagomag.com/Chicago-Magazine/November-2012/Best-Sandwiches-in-Chicago-Grahamwich-Green-Garbanzo/,8.0, 615 N. State St, 312-265-043
39,The Hen House,Saigon Sisters,https://www.chicagomag.com/Chicago-Magazine/November-2012/Best-Sandwiches-in-Chicago-Saigon-Sisters-The-Hen-House/,7.0, Multiple location,X
40,Tuscan Chicken,Rosalia’s Deli,https://www.chicagomag.com/Chicago-Magazine/November-2012/Best-Sandwiches-in-Chicago-Rosalias-Deli-Tuscan-Chicken/,6.0, 241 N. York Rd Elmhurs,X
41,The Marty ,Z&H MarketCafe,https://www.chicagomag.com/Chicago-Magazine/November-2012/Best-Sandwiches-in-Chicago-Z-and-H-MarketCafe-The-Marty/,7.25, 1323 E. 57th St, 773-538-737
42,Whitefish,Market House on the Square,https://www.chicagomag.com/Chicago-Magazine/November-2012/Best-Sandwiches-in-Chicago-Market-House-on-the-Square-Whitefish/,11.0, 655 Forest Ave Lake Fores,X
43,"Oat Bread, Pecan Butter, and Fruit Jam",Elaine’s Coffee Call,https://www.chicagomag.com/Chicago-Magazine/November-2012/Best-Sandwiches-in-Chicago-Elaines-Coffee-Call-Oat-Bread-Pecan-Butter-and-Fruit-Jam/,6.0, Hotel Lincol 1816 N. Clark St,X
44,Cauliflower Melt,Marion Street Cheese Market,https://www.chicagomag.com/Chicago-Magazine/November-2012/Best-Sandwiches-in-Chicago-Marion-Street-Cheese-Market-Cauliflower-Melt/,9.0, 100 S. Marion St Oak Par,X
45,Cubana,Cafecito,https://www.chicagomag.com/Chicago-Magazine/November-2012/Best-Sandwiches-in-Chicago-Cafecito-Cubano/,5.49, 26 E. Congress Pkwy, 312-922-223
46,Kufta,Chickpea,https://www.chicagomag.com/Chicago-Magazine/November-2012/Best-Sandwiches-in-Chicago-Chickpea-Kufta/,8.0, 2018 W. Chicago Ave, 773-384-993
47,Debbie’s Egg Salad,The Goddess and Grocer,https://www.chicagomag.com/Chicago-Magazine/November-2012/Best-Sandwiches-in-Chicago-The-Goddess-and-Grocer-Debbies-Egg-Salad/,6.5, 25 E. Delaware Pl, 312-896-260
48,Beef Curry,Zenwich,https://www.chicagomag.com/Chicago-Magazine/November-2012/Best-Sandwiches-in-Chicago-Zenwich-Beef-Curry/,7.5, 416 N. York St Elmhurs,X
49,Le Végétarien,Toni Patisserie,https://www.chicagomag.com/Chicago-Magazine/November-2012/Best-Sandwiches-in-Chicago-Toni-Patisserie-Le-Vegetarien/,8.75, 65 E. Washington St, 312-726-202
50,The Gatsby,Phoebe’s Bakery,https://www.chicagomag.com/Chicago-Magazine/November-2012/Best-Sandwiches-in-Chicago-Phoebes-Bakery-The-Gatsby/,6.85, 3351 N. Broadwa, 773-868-400
